scheme	crate	cMB/s	dMB/s
LZ4line	0.905000	0.228936	0.817099
LZ4dict	1.208000	0.021009	0.490319
LZ4	1.629000	0.578906	1.773778
FSST	2.192000	0.919387	1.799199
